CLV_Group,Customer_Count,Average_CLV,Churn_Rate,Average_Age,Average_Dependents
High CLV,2113,6845.23,15.29,47.53194510175106,0.49029815428300993
Low CLV,2113,313.15,43.11,45.156176053005204,0.3771888310459063
Mid CLV,2817,2217.06,22.54,46.75825346112886,0.5211217607383741
